,miRNA,Log2FoldChange
1,mmu-miR-144,1.027796
2,mmu-miR-291a-5p,2.728232
3,mmu-miR-690,1.081045
4,mmu-miR-543,-1.936399